{"cameraMode":{"drawMode":0,"name":"Shaded","section":"Shading Mode"},"sceneLighting":true,"audioPlay":false,"sceneViewState":{"m_AlwaysRefresh":false,"showFog":true,"showSkybox":true,"showFlares":true,"showImageEffects":true,"showParticleSystems":true,"showVisualEffectGraphs":true,"m_FxEnabled":true},"in2DMode":false,"pivot":{"x":-21.758533477783204,"y":24.057422637939454,"z":-12.133190155029297},"rotation":{"x":0.448323130607605,"y":0.20449253916740418,"z":-0.10615690052509308,"w":0.8636606335639954},"size":12.050850868225098,"orthographic":false}