{"cameraMode":{"drawMode":0,"name":"Shaded","section":"Shading Mode"},"sceneLighting":false,"audioPlay":false,"sceneViewState":{"m_AlwaysRefresh":false,"showFog":true,"showSkybox":false,"showFlares":true,"showImageEffects":true,"showParticleSystems":true,"showVisualEffectGraphs":true,"m_FxEnabled":true},"in2DMode":false,"pivot":{"x":0.7640388011932373,"y":2.3518245220184328,"z":16.324026107788087},"rotation":{"x":-0.05785356089472771,"y":-0.7628861665725708,"z":0.06918790936470032,"w":-0.6402952671051025},"size":2.2213611602783205,"orthographic":false}